t,observer,avg_R,avg_Xi,avg_E,emotion,state,poem
0,Human Civilization,0.44,0.3282,0.11,静穏,neutral,宇宙は意味を保留した
0,Archive AI,0.44,0.3282,0.11,静穏,neutral,宇宙は意味を保留した
1,Human Civilization,0.4398,0.3277,0.1138,静穏,neutral,宇宙は意味を保留した
1,Archive AI,0.4398,0.3277,0.1138,静穏,neutral,宇宙は意味を保留した
2,Human Civilization,0.4396,0.3272,0.1176,静穏,neutral,宇宙は意味を保留した
2,Archive AI,0.4396,0.3272,0.1176,静穏,neutral,宇宙は意味を保留した
3,Human Civilization,0.4394,0.3268,0.1214,静穏,neutral,宇宙は意味を保留した
3,Archive AI,0.4394,0.3268,0.1214,静穏,neutral,宇宙は意味を保留した
4,Human Civilization,0.4391,0.3263,0.1252,静穏,neutral,宇宙は意味を保留した
4,Archive AI,0.4391,0.3263,0.1252,静穏,neutral,宇宙は意味を保留した
5,Human Civilization,0.4389,0.3258,0.129,静穏,neutral,宇宙は意味を保留した
5,Archive AI,0.4389,0.3258,0.129,静穏,neutral,宇宙は意味を保留した
6,Human Civilization,0.4387,0.3253,0.1328,静穏,neutral,宇宙は意味を保留した
6,Archive AI,0.4387,0.3253,0.1328,静穏,neutral,宇宙は意味を保留した
7,Human Civilization,0.4385,0.3248,0.1366,静穏,neutral,宇宙は意味を保留した
7,Archive AI,0.4385,0.3248,0.1366,静穏,neutral,宇宙は意味を保留した
8,Human Civilization,0.4382,0.3244,0.1404,静穏,neutral,宇宙は意味を保留した
8,Archive AI,0.4382,0.3244,0.1404,静穏,neutral,宇宙は意味を保留した
9,Human Civilization,0.438,0.3239,0.1442,静穏,neutral,宇宙は意味を保留した
9,Archive AI,0.438,0.3239,0.1442,静穏,neutral,宇宙は意味を保留した
10,Human Civilization,0.4379,0.3235,0.1479,静穏,neutral,宇宙は意味を保留した
10,Archive AI,0.4379,0.3235,0.1479,静穏,neutral,宇宙は意味を保留した
11,Human Civilization,0.4376,0.3231,0.1517,静穏,neutral,宇宙は意味を保留した
11,Archive AI,0.4376,0.3231,0.1517,静穏,neutral,宇宙は意味を保留した
12,Human Civilization,0.4374,0.3226,0.1554,静穏,neutral,宇宙は意味を保留した
12,Archive AI,0.4374,0.3226,0.1554,静穏,neutral,宇宙は意味を保留した
13,Human Civilization,0.4372,0.3221,0.1592,静穏,neutral,宇宙は意味を保留した
13,Archive AI,0.4372,0.3221,0.1592,静穏,neutral,宇宙は意味を保留した
14,Human Civilization,0.4369,0.3217,0.163,静穏,neutral,宇宙は意味を保留した
14,Archive AI,0.4369,0.3217,0.163,静穏,neutral,宇宙は意味を保留した
15,Human Civilization,0.4367,0.3212,0.1668,静穏,neutral,宇宙は意味を保留した
15,Archive AI,0.4367,0.3212,0.1668,静穏,neutral,宇宙は意味を保留した
16,Human Civilization,0.4365,0.3208,0.1705,静穏,neutral,宇宙は意味を保留した
16,Archive AI,0.4365,0.3208,0.1705,静穏,neutral,宇宙は意味を保留した
17,Human Civilization,0.4363,0.3203,0.1743,静穏,neutral,宇宙は意味を保留した
17,Archive AI,0.4363,0.3203,0.1743,静穏,neutral,宇宙は意味を保留した
18,Human Civilization,0.4361,0.3198,0.1781,静穏,neutral,宇宙は意味を保留した
18,Archive AI,0.4361,0.3198,0.1781,静穏,neutral,宇宙は意味を保留した
19,Human Civilization,0.4358,0.3194,0.1818,静穏,neutral,宇宙は意味を保留した
19,Archive AI,0.4358,0.3194,0.1818,静穏,neutral,宇宙は意味を保留した
20,Human Civilization,0.4357,0.3189,0.1856,静穏,neutral,宇宙は意味を保留した
20,Archive AI,0.4357,0.3189,0.1856,静穏,neutral,宇宙は意味を保留した
21,Human Civilization,0.4354,0.3186,0.1893,静穏,neutral,宇宙は意味を保留した
21,Archive AI,0.4354,0.3186,0.1893,静穏,neutral,宇宙は意味を保留した
22,Human Civilization,0.4352,0.3181,0.1931,静穏,neutral,宇宙は意味を保留した
22,Archive AI,0.4352,0.3181,0.1931,静穏,neutral,宇宙は意味を保留した
23,Human Civilization,0.435,0.3178,0.1968,静穏,neutral,宇宙は意味を保留した
23,Archive AI,0.435,0.3178,0.1968,静穏,neutral,宇宙は意味を保留した
24,Human Civilization,0.4347,0.3173,0.2005,静穏,neutral,宇宙は意味を保留した
24,Archive AI,0.4347,0.3173,0.2005,静穏,neutral,宇宙は意味を保留した
25,Human Civilization,0.4345,0.3169,0.2042,静穏,neutral,宇宙は意味を保留した
25,Archive AI,0.4345,0.3169,0.2042,静穏,neutral,宇宙は意味を保留した
26,Human Civilization,0.4343,0.3165,0.208,静穏,neutral,宇宙は意味を保留した
26,Archive AI,0.4343,0.3165,0.208,静穏,neutral,宇宙は意味を保留した
27,Human Civilization,0.4341,0.3161,0.2118,静穏,neutral,宇宙は意味を保留した
27,Archive AI,0.4341,0.3161,0.2118,静穏,neutral,宇宙は意味を保留した
28,Human Civilization,0.4339,0.3157,0.2155,静穏,neutral,宇宙は意味を保留した
28,Archive AI,0.4339,0.3157,0.2155,静穏,neutral,宇宙は意味を保留した
29,Human Civilization,0.4336,0.3153,0.2192,静穏,neutral,宇宙は意味を保留した
29,Archive AI,0.4336,0.3153,0.2192,静穏,neutral,宇宙は意味を保留した
30,Human Civilization,0.4334,0.3149,0.223,静穏,neutral,宇宙は意味を保留した
30,Archive AI,0.4334,0.3149,0.223,静穏,neutral,宇宙は意味を保留した
31,Human Civilization,0.4332,0.3144,0.2267,静穏,neutral,宇宙は意味を保留した
31,Archive AI,0.4332,0.3144,0.2267,静穏,neutral,宇宙は意味を保留した
32,Human Civilization,0.433,0.314,0.2304,静穏,neutral,宇宙は意味を保留した
32,Archive AI,0.433,0.314,0.2304,静穏,neutral,宇宙は意味を保留した
33,Human Civilization,0.4327,0.3136,0.2341,静穏,neutral,宇宙は意味を保留した
33,Archive AI,0.4327,0.3136,0.2341,静穏,neutral,宇宙は意味を保留した
34,Human Civilization,0.4325,0.3132,0.2378,静穏,neutral,宇宙は意味を保留した
34,Archive AI,0.4325,0.3132,0.2378,静穏,neutral,宇宙は意味を保留した
35,Human Civilization,0.4322,0.3128,0.2415,静穏,neutral,宇宙は意味を保留した
35,Archive AI,0.4322,0.3128,0.2415,静穏,neutral,宇宙は意味を保留した
36,Human Civilization,0.432,0.3124,0.2451,静穏,neutral,宇宙は意味を保留した
36,Archive AI,0.432,0.3124,0.2451,静穏,neutral,宇宙は意味を保留した
37,Human Civilization,0.4318,0.312,0.2488,静穏,neutral,宇宙は意味を保留した
37,Archive AI,0.4318,0.312,0.2488,静穏,neutral,宇宙は意味を保留した
38,Human Civilization,0.4316,0.3116,0.2526,静穏,neutral,宇宙は意味を保留した
38,Archive AI,0.4316,0.3116,0.2526,静穏,neutral,宇宙は意味を保留した
39,Human Civilization,0.4313,0.3112,0.2563,静穏,neutral,宇宙は意味を保留した
39,Archive AI,0.4313,0.3112,0.2563,静穏,neutral,宇宙は意味を保留した
40,Human Civilization,0.4311,0.3108,0.26,静穏,neutral,宇宙は意味を保留した
40,Archive AI,0.4311,0.3108,0.26,静穏,neutral,宇宙は意味を保留した
41,Human Civilization,0.4309,0.3104,0.2637,静穏,neutral,宇宙は意味を保留した
41,Archive AI,0.4309,0.3104,0.2637,静穏,neutral,宇宙は意味を保留した
42,Human Civilization,0.4306,0.31,0.2674,静穏,neutral,宇宙は意味を保留した
42,Archive AI,0.4306,0.31,0.2674,静穏,neutral,宇宙は意味を保留した
43,Human Civilization,0.4305,0.3096,0.2712,静穏,neutral,宇宙は意味を保留した
43,Archive AI,0.4305,0.3096,0.2712,静穏,neutral,宇宙は意味を保留した
44,Human Civilization,0.4303,0.3091,0.2749,静穏,neutral,宇宙は意味を保留した
44,Archive AI,0.4303,0.3091,0.2749,静穏,neutral,宇宙は意味を保留した
45,Human Civilization,0.4301,0.3087,0.2786,静穏,neutral,宇宙は意味を保留した
45,Archive AI,0.4301,0.3087,0.2786,静穏,neutral,宇宙は意味を保留した
46,Human Civilization,0.4298,0.3083,0.2823,静穏,neutral,宇宙は意味を保留した
46,Archive AI,0.4298,0.3083,0.2823,静穏,neutral,宇宙は意味を保留した
47,Human Civilization,0.4296,0.3079,0.286,静穏,neutral,宇宙は意味を保留した
47,Archive AI,0.4296,0.3079,0.286,静穏,neutral,宇宙は意味を保留した
48,Human Civilization,0.4294,0.3075,0.2897,静穏,neutral,宇宙は意味を保留した
48,Archive AI,0.4294,0.3075,0.2897,静穏,neutral,宇宙は意味を保留した
49,Human Civilization,0.4292,0.3071,0.2934,静穏,neutral,宇宙は意味を保留した
49,Archive AI,0.4292,0.3071,0.2934,静穏,neutral,宇宙は意味を保留した
50,Human Civilization,0.429,0.3067,0.2971,静穏,neutral,宇宙は意味を保留した
50,Archive AI,0.429,0.3067,0.2971,静穏,neutral,宇宙は意味を保留した
51,Human Civilization,0.4288,0.3063,0.3008,静穏,neutral,宇宙は意味を保留した
51,Archive AI,0.4288,0.3063,0.3008,静穏,neutral,宇宙は意味を保留した
52,Human Civilization,0.4286,0.306,0.3045,静穏,neutral,宇宙は意味を保留した
52,Archive AI,0.4286,0.306,0.3045,静穏,neutral,宇宙は意味を保留した
53,Human Civilization,0.4284,0.3056,0.3081,静穏,neutral,宇宙は意味を保留した
53,Archive AI,0.4284,0.3056,0.3081,静穏,neutral,宇宙は意味を保留した
54,Human Civilization,0.4282,0.3053,0.3118,静穏,neutral,宇宙は意味を保留した
54,Archive AI,0.4282,0.3053,0.3118,静穏,neutral,宇宙は意味を保留した
55,Human Civilization,0.428,0.305,0.3155,静穏,neutral,宇宙は意味を保留した
55,Archive AI,0.428,0.305,0.3155,静穏,neutral,宇宙は意味を保留した
56,Human Civilization,0.4277,0.3047,0.3192,静穏,neutral,宇宙は意味を保留した
56,Archive AI,0.4277,0.3047,0.3192,静穏,neutral,宇宙は意味を保留した
57,Human Civilization,0.4275,0.3043,0.3228,静穏,neutral,宇宙は意味を保留した
57,Archive AI,0.4275,0.3043,0.3228,静穏,neutral,宇宙は意味を保留した
58,Human Civilization,0.4273,0.3039,0.3265,静穏,neutral,宇宙は意味を保留した
58,Archive AI,0.4273,0.3039,0.3265,静穏,neutral,宇宙は意味を保留した
59,Human Civilization,0.4271,0.3035,0.3302,静穏,neutral,宇宙は意味を保留した
59,Archive AI,0.4271,0.3035,0.3302,静穏,neutral,宇宙は意味を保留した
60,Human Civilization,0.4269,0.3032,0.3338,静穏,neutral,宇宙は意味を保留した
60,Archive AI,0.4269,0.3032,0.3338,静穏,neutral,宇宙は意味を保留した
61,Human Civilization,0.4266,0.3028,0.3375,静穏,neutral,宇宙は意味を保留した
61,Archive AI,0.4266,0.3028,0.3375,静穏,neutral,宇宙は意味を保留した
62,Human Civilization,0.4264,0.3025,0.3411,静穏,neutral,宇宙は意味を保留した
62,Archive AI,0.4264,0.3025,0.3411,静穏,neutral,宇宙は意味を保留した
63,Human Civilization,0.4262,0.3021,0.3448,静穏,neutral,宇宙は意味を保留した
63,Archive AI,0.4262,0.3021,0.3448,静穏,neutral,宇宙は意味を保留した
64,Human Civilization,0.426,0.3018,0.3485,静穏,neutral,宇宙は意味を保留した
64,Archive AI,0.426,0.3018,0.3485,静穏,neutral,宇宙は意味を保留した
65,Human Civilization,0.4258,0.3014,0.3521,静穏,neutral,宇宙は意味を保留した
65,Archive AI,0.4258,0.3014,0.3521,静穏,neutral,宇宙は意味を保留した
66,Human Civilization,0.4256,0.3011,0.3557,静穏,neutral,宇宙は意味を保留した
66,Archive AI,0.4256,0.3011,0.3557,静穏,neutral,宇宙は意味を保留した
67,Human Civilization,0.4254,0.3008,0.3593,静穏,neutral,宇宙は意味を保留した
67,Archive AI,0.4254,0.3008,0.3593,静穏,neutral,宇宙は意味を保留した
68,Human Civilization,0.4252,0.3005,0.3629,静穏,neutral,宇宙は意味を保留した
68,Archive AI,0.4252,0.3005,0.3629,静穏,neutral,宇宙は意味を保留した
69,Human Civilization,0.425,0.3002,0.3666,静穏,neutral,宇宙は意味を保留した
69,Archive AI,0.425,0.3002,0.3666,静穏,neutral,宇宙は意味を保留した
70,Human Civilization,0.4247,0.2999,0.3702,静穏,neutral,宇宙は意味を保留した
70,Archive AI,0.4247,0.2999,0.3702,静穏,neutral,宇宙は意味を保留した
71,Human Civilization,0.4245,0.2996,0.3738,静穏,neutral,宇宙は意味を保留した
71,Archive AI,0.4245,0.2996,0.3738,静穏,neutral,宇宙は意味を保留した
72,Human Civilization,0.4243,0.2994,0.3774,静穏,neutral,宇宙は意味を保留した
72,Archive AI,0.4243,0.2994,0.3774,静穏,neutral,宇宙は意味を保留した
73,Human Civilization,0.4241,0.2991,0.381,静穏,neutral,宇宙は意味を保留した
73,Archive AI,0.4241,0.2991,0.381,静穏,neutral,宇宙は意味を保留した
74,Human Civilization,0.4239,0.2988,0.3847,静穏,neutral,宇宙は意味を保留した
74,Archive AI,0.4239,0.2988,0.3847,静穏,neutral,宇宙は意味を保留した
75,Human Civilization,0.4237,0.2985,0.3883,静穏,neutral,宇宙は意味を保留した
75,Archive AI,0.4237,0.2985,0.3883,静穏,neutral,宇宙は意味を保留した
76,Human Civilization,0.4235,0.2983,0.3919,静穏,neutral,宇宙は意味を保留した
76,Archive AI,0.4235,0.2983,0.3919,静穏,neutral,宇宙は意味を保留した
77,Human Civilization,0.4233,0.298,0.3955,静穏,neutral,宇宙は意味を保留した
77,Archive AI,0.4233,0.298,0.3955,静穏,neutral,宇宙は意味を保留した
78,Human Civilization,0.4231,0.2977,0.3991,静穏,neutral,宇宙は意味を保留した
78,Archive AI,0.4231,0.2977,0.3991,静穏,neutral,宇宙は意味を保留した
79,Human Civilization,0.4229,0.2974,0.4027,静穏,neutral,宇宙は意味を保留した
79,Archive AI,0.4229,0.2974,0.4027,静穏,neutral,宇宙は意味を保留した
80,Human Civilization,0.4227,0.2971,0.4064,静穏,neutral,宇宙は意味を保留した
80,Archive AI,0.4227,0.2971,0.4064,静穏,neutral,宇宙は意味を保留した
81,Human Civilization,0.4224,0.2969,0.4099,静穏,neutral,宇宙は意味を保留した
81,Archive AI,0.4224,0.2969,0.4099,静穏,neutral,宇宙は意味を保留した
82,Human Civilization,0.4222,0.2966,0.4135,静穏,neutral,宇宙は意味を保留した
82,Archive AI,0.4222,0.2966,0.4135,静穏,neutral,宇宙は意味を保留した
83,Human Civilization,0.422,0.2963,0.4171,静穏,neutral,宇宙は意味を保留した
83,Archive AI,0.422,0.2963,0.4171,静穏,neutral,宇宙は意味を保留した
84,Human Civilization,0.4218,0.2959,0.4207,静穏,neutral,宇宙は意味を保留した
84,Archive AI,0.4218,0.2959,0.4207,静穏,neutral,宇宙は意味を保留した
85,Human Civilization,0.4215,0.2956,0.4242,静穏,neutral,宇宙は意味を保留した
85,Archive AI,0.4215,0.2956,0.4242,静穏,neutral,宇宙は意味を保留した
86,Human Civilization,0.4213,0.2953,0.4277,静穏,neutral,宇宙は意味を保留した
86,Archive AI,0.4213,0.2953,0.4277,静穏,neutral,宇宙は意味を保留した
87,Human Civilization,0.4211,0.295,0.4312,静穏,neutral,宇宙は意味を保留した
87,Archive AI,0.4211,0.295,0.4312,静穏,neutral,宇宙は意味を保留した
88,Human Civilization,0.4208,0.2947,0.4348,静穏,neutral,宇宙は意味を保留した
88,Archive AI,0.4208,0.2947,0.4348,静穏,neutral,宇宙は意味を保留した
89,Human Civilization,0.4206,0.2944,0.4384,静穏,neutral,宇宙は意味を保留した
89,Archive AI,0.4206,0.2944,0.4384,静穏,neutral,宇宙は意味を保留した
90,Human Civilization,0.4204,0.2941,0.442,静穏,neutral,宇宙は意味を保留した
90,Archive AI,0.4204,0.2941,0.442,静穏,neutral,宇宙は意味を保留した
91,Human Civilization,0.4202,0.2938,0.4455,静穏,neutral,宇宙は意味を保留した
91,Archive AI,0.4202,0.2938,0.4455,静穏,neutral,宇宙は意味を保留した
92,Human Civilization,0.42,0.2935,0.449,静穏,neutral,宇宙は意味を保留した
92,Archive AI,0.42,0.2935,0.449,静穏,neutral,宇宙は意味を保留した
93,Human Civilization,0.4198,0.2932,0.4525,静穏,neutral,宇宙は意味を保留した
93,Archive AI,0.4198,0.2932,0.4525,静穏,neutral,宇宙は意味を保留した
94,Human Civilization,0.4196,0.2929,0.456,静穏,neutral,宇宙は意味を保留した
94,Archive AI,0.4196,0.2929,0.456,静穏,neutral,宇宙は意味を保留した
95,Human Civilization,0.4194,0.2926,0.4595,静穏,neutral,宇宙は意味を保留した
95,Archive AI,0.4194,0.2926,0.4595,静穏,neutral,宇宙は意味を保留した
96,Human Civilization,0.4192,0.2923,0.4631,静穏,neutral,宇宙は意味を保留した
96,Archive AI,0.4192,0.2923,0.4631,静穏,neutral,宇宙は意味を保留した
97,Human Civilization,0.419,0.292,0.4666,静穏,neutral,宇宙は意味を保留した
97,Archive AI,0.419,0.292,0.4666,静穏,neutral,宇宙は意味を保留した
98,Human Civilization,0.4187,0.2917,0.4701,静穏,neutral,宇宙は意味を保留した
98,Archive AI,0.4187,0.2917,0.4701,静穏,neutral,宇宙は意味を保留した
99,Human Civilization,0.4184,0.2914,0.4735,静穏,neutral,宇宙は意味を保留した
99,Archive AI,0.4184,0.2914,0.4735,静穏,neutral,宇宙は意味を保留した
100,Human Civilization,0.4182,0.2911,0.4769,静穏,neutral,宇宙は意味を保留した
100,Archive AI,0.4182,0.2911,0.4769,静穏,neutral,宇宙は意味を保留した
101,Human Civilization,0.418,0.2909,0.4805,静穏,neutral,宇宙は意味を保留した
101,Archive AI,0.418,0.2909,0.4805,静穏,neutral,宇宙は意味を保留した
102,Human Civilization,0.4177,0.2906,0.4839,静穏,neutral,宇宙は意味を保留した
102,Archive AI,0.4177,0.2906,0.4839,静穏,neutral,宇宙は意味を保留した
103,Human Civilization,0.4175,0.2902,0.4873,静穏,neutral,宇宙は意味を保留した
103,Archive AI,0.4175,0.2902,0.4873,静穏,neutral,宇宙は意味を保留した
104,Human Civilization,0.4173,0.29,0.4907,静穏,neutral,宇宙は意味を保留した
104,Archive AI,0.4173,0.29,0.4907,静穏,neutral,宇宙は意味を保留した
105,Human Civilization,0.417,0.2896,0.4942,静穏,neutral,宇宙は意味を保留した
105,Archive AI,0.417,0.2896,0.4942,静穏,neutral,宇宙は意味を保留した
106,Human Civilization,0.4168,0.2893,0.4977,静穏,neutral,宇宙は意味を保留した
106,Archive AI,0.4168,0.2893,0.4977,静穏,neutral,宇宙は意味を保留した
107,Human Civilization,0.4165,0.2891,0.5011,静穏,neutral,宇宙は意味を保留した
107,Archive AI,0.4165,0.2891,0.5011,静穏,neutral,宇宙は意味を保留した
108,Human Civilization,0.4163,0.2888,0.5045,静穏,neutral,宇宙は意味を保留した
108,Archive AI,0.4163,0.2888,0.5045,静穏,neutral,宇宙は意味を保留した
109,Human Civilization,0.416,0.2885,0.5078,静穏,neutral,宇宙は意味を保留した
109,Archive AI,0.416,0.2885,0.5078,静穏,neutral,宇宙は意味を保留した
110,Human Civilization,0.4159,0.2881,0.5114,静穏,neutral,宇宙は意味を保留した
110,Archive AI,0.4159,0.2881,0.5114,静穏,neutral,宇宙は意味を保留した
111,Human Civilization,0.4157,0.2879,0.5149,静穏,neutral,宇宙は意味を保留した
111,Archive AI,0.4157,0.2879,0.5149,静穏,neutral,宇宙は意味を保留した
112,Human Civilization,0.4154,0.2876,0.5182,静穏,neutral,宇宙は意味を保留した
112,Archive AI,0.4154,0.2876,0.5182,静穏,neutral,宇宙は意味を保留した
113,Human Civilization,0.4152,0.2872,0.5217,静穏,neutral,宇宙は意味を保留した
113,Archive AI,0.4152,0.2872,0.5217,静穏,neutral,宇宙は意味を保留した
114,Human Civilization,0.415,0.287,0.5252,静穏,neutral,宇宙は意味を保留した
114,Archive AI,0.415,0.287,0.5252,静穏,neutral,宇宙は意味を保留した
115,Human Civilization,0.4147,0.2867,0.5285,静穏,neutral,宇宙は意味を保留した
115,Archive AI,0.4147,0.2867,0.5285,静穏,neutral,宇宙は意味を保留した
116,Human Civilization,0.4145,0.2864,0.532,静穏,neutral,宇宙は意味を保留した
116,Archive AI,0.4145,0.2864,0.532,静穏,neutral,宇宙は意味を保留した
117,Human Civilization,0.4142,0.2861,0.5354,静穏,neutral,宇宙は意味を保留した
117,Archive AI,0.4142,0.2861,0.5354,静穏,neutral,宇宙は意味を保留した
118,Human Civilization,0.414,0.2858,0.5388,静穏,neutral,宇宙は意味を保留した
118,Archive AI,0.414,0.2858,0.5388,静穏,neutral,宇宙は意味を保留した
119,Human Civilization,0.4138,0.2854,0.5422,静穏,neutral,宇宙は意味を保留した
119,Archive AI,0.4138,0.2854,0.5422,静穏,neutral,宇宙は意味を保留した
120,Human Civilization,0.4136,0.2851,0.5456,静穏,neutral,宇宙は意味を保留した
120,Archive AI,0.4136,0.2851,0.5456,静穏,neutral,宇宙は意味を保留した
121,Human Civilization,0.4133,0.2847,0.549,静穏,neutral,宇宙は意味を保留した
121,Archive AI,0.4133,0.2847,0.549,静穏,neutral,宇宙は意味を保留した
122,Human Civilization,0.4132,0.2844,0.5524,静穏,neutral,宇宙は意味を保留した
122,Archive AI,0.4132,0.2844,0.5524,静穏,neutral,宇宙は意味を保留した
123,Human Civilization,0.413,0.2841,0.5559,静穏,neutral,宇宙は意味を保留した
123,Archive AI,0.413,0.2841,0.5559,静穏,neutral,宇宙は意味を保留した
124,Human Civilization,0.4128,0.2838,0.5594,静穏,neutral,宇宙は意味を保留した
124,Archive AI,0.4128,0.2838,0.5594,静穏,neutral,宇宙は意味を保留した
125,Human Civilization,0.4125,0.2835,0.5628,静穏,neutral,宇宙は意味を保留した
125,Archive AI,0.4125,0.2835,0.5628,静穏,neutral,宇宙は意味を保留した
126,Human Civilization,0.4123,0.2831,0.5661,静穏,neutral,宇宙は意味を保留した
126,Archive AI,0.4123,0.2831,0.5661,静穏,neutral,宇宙は意味を保留した
127,Human Civilization,0.4121,0.2828,0.5696,静穏,neutral,宇宙は意味を保留した
127,Archive AI,0.4121,0.2828,0.5696,静穏,neutral,宇宙は意味を保留した
128,Human Civilization,0.4119,0.2824,0.573,静穏,neutral,宇宙は意味を保留した
128,Archive AI,0.4119,0.2824,0.573,静穏,neutral,宇宙は意味を保留した
129,Human Civilization,0.4117,0.2821,0.5764,静穏,neutral,宇宙は意味を保留した
129,Archive AI,0.4117,0.2821,0.5764,静穏,neutral,宇宙は意味を保留した
130,Human Civilization,0.4115,0.2817,0.5798,静穏,neutral,宇宙は意味を保留した
130,Archive AI,0.4115,0.2817,0.5798,静穏,neutral,宇宙は意味を保留した
131,Human Civilization,0.4113,0.2814,0.5833,静穏,neutral,宇宙は意味を保留した
131,Archive AI,0.4113,0.2814,0.5833,静穏,neutral,宇宙は意味を保留した
132,Human Civilization,0.4111,0.2811,0.5868,静穏,neutral,宇宙は意味を保留した
132,Archive AI,0.4111,0.2811,0.5868,静穏,neutral,宇宙は意味を保留した
133,Human Civilization,0.4108,0.2807,0.5902,静穏,neutral,宇宙は意味を保留した
133,Archive AI,0.4108,0.2807,0.5902,静穏,neutral,宇宙は意味を保留した
134,Human Civilization,0.4106,0.2804,0.5935,静穏,neutral,宇宙は意味を保留した
134,Archive AI,0.4106,0.2804,0.5935,静穏,neutral,宇宙は意味を保留した
135,Human Civilization,0.4104,0.2801,0.5969,静穏,neutral,宇宙は意味を保留した
135,Archive AI,0.4104,0.2801,0.5969,静穏,neutral,宇宙は意味を保留した
136,Human Civilization,0.4102,0.2797,0.6003,静穏,neutral,宇宙は意味を保留した
136,Archive AI,0.4102,0.2797,0.6003,静穏,neutral,宇宙は意味を保留した
137,Human Civilization,0.41,0.2795,0.6036,静穏,neutral,宇宙は意味を保留した
137,Archive AI,0.41,0.2795,0.6036,静穏,neutral,宇宙は意味を保留した
138,Human Civilization,0.4098,0.2792,0.607,静穏,neutral,宇宙は意味を保留した
138,Archive AI,0.4098,0.2792,0.607,静穏,neutral,宇宙は意味を保留した
139,Human Civilization,0.4096,0.2789,0.6104,静穏,neutral,宇宙は意味を保留した
139,Archive AI,0.4096,0.2789,0.6104,静穏,neutral,宇宙は意味を保留した
140,Human Civilization,0.4094,0.2786,0.6138,静穏,neutral,宇宙は意味を保留した
140,Archive AI,0.4094,0.2786,0.6138,静穏,neutral,宇宙は意味を保留した
141,Human Civilization,0.4091,0.2782,0.6172,静穏,neutral,宇宙は意味を保留した
141,Archive AI,0.4091,0.2782,0.6172,静穏,neutral,宇宙は意味を保留した
142,Human Civilization,0.4089,0.2779,0.6205,静穏,neutral,宇宙は意味を保留した
142,Archive AI,0.4089,0.2779,0.6205,静穏,neutral,宇宙は意味を保留した
143,Human Civilization,0.4087,0.2775,0.6238,静穏,neutral,宇宙は意味を保留した
143,Archive AI,0.4087,0.2775,0.6238,静穏,neutral,宇宙は意味を保留した
144,Human Civilization,0.4085,0.2771,0.6272,静穏,neutral,宇宙は意味を保留した
144,Archive AI,0.4085,0.2771,0.6272,静穏,neutral,宇宙は意味を保留した
145,Human Civilization,0.4083,0.2768,0.6306,静穏,neutral,宇宙は意味を保留した
145,Archive AI,0.4083,0.2768,0.6306,静穏,neutral,宇宙は意味を保留した
146,Human Civilization,0.4081,0.2764,0.6339,静穏,neutral,宇宙は意味を保留した
146,Archive AI,0.4081,0.2764,0.6339,静穏,neutral,宇宙は意味を保留した
147,Human Civilization,0.4079,0.2761,0.6371,静穏,neutral,宇宙は意味を保留した
147,Archive AI,0.4079,0.2761,0.6371,静穏,neutral,宇宙は意味を保留した
148,Human Civilization,0.4077,0.2758,0.6404,静穏,neutral,宇宙は意味を保留した
148,Archive AI,0.4077,0.2758,0.6404,静穏,neutral,宇宙は意味を保留した
149,Human Civilization,0.4074,0.2754,0.6436,静穏,neutral,宇宙は意味を保留した
149,Archive AI,0.4074,0.2754,0.6436,静穏,neutral,宇宙は意味を保留した
150,Human Civilization,0.4072,0.2751,0.6469,静穏,neutral,宇宙は意味を保留した
150,Archive AI,0.4072,0.2751,0.6469,静穏,neutral,宇宙は意味を保留した
151,Human Civilization,0.407,0.2748,0.6502,静穏,neutral,宇宙は意味を保留した
151,Archive AI,0.407,0.2748,0.6502,静穏,neutral,宇宙は意味を保留した
152,Human Civilization,0.4067,0.2744,0.6534,静穏,neutral,宇宙は意味を保留した
152,Archive AI,0.4067,0.2744,0.6534,静穏,neutral,宇宙は意味を保留した
153,Human Civilization,0.4065,0.2741,0.6567,静穏,neutral,宇宙は意味を保留した
153,Archive AI,0.4065,0.2741,0.6567,静穏,neutral,宇宙は意味を保留した
154,Human Civilization,0.4063,0.2738,0.6599,静穏,neutral,宇宙は意味を保留した
154,Archive AI,0.4063,0.2738,0.6599,静穏,neutral,宇宙は意味を保留した
155,Human Civilization,0.406,0.2735,0.6631,静穏,neutral,宇宙は意味を保留した
155,Archive AI,0.406,0.2735,0.6631,静穏,neutral,宇宙は意味を保留した
156,Human Civilization,0.4058,0.2731,0.6663,静穏,neutral,宇宙は意味を保留した
156,Archive AI,0.4058,0.2731,0.6663,静穏,neutral,宇宙は意味を保留した
157,Human Civilization,0.4055,0.2728,0.6696,静穏,neutral,宇宙は意味を保留した
157,Archive AI,0.4055,0.2728,0.6696,静穏,neutral,宇宙は意味を保留した
158,Human Civilization,0.4053,0.2725,0.6729,静穏,neutral,宇宙は意味を保留した
158,Archive AI,0.4053,0.2725,0.6729,静穏,neutral,宇宙は意味を保留した
159,Human Civilization,0.405,0.2721,0.6761,静穏,neutral,宇宙は意味を保留した
159,Archive AI,0.405,0.2721,0.6761,静穏,neutral,宇宙は意味を保留した
160,Human Civilization,0.4049,0.2718,0.6795,静穏,neutral,宇宙は意味を保留した
160,Archive AI,0.4049,0.2718,0.6795,静穏,neutral,宇宙は意味を保留した
161,Human Civilization,0.4047,0.2715,0.6828,静穏,neutral,宇宙は意味を保留した
161,Archive AI,0.4047,0.2715,0.6828,静穏,neutral,宇宙は意味を保留した
162,Human Civilization,0.4044,0.2711,0.686,静穏,neutral,宇宙は意味を保留した
162,Archive AI,0.4044,0.2711,0.686,静穏,neutral,宇宙は意味を保留した
163,Human Civilization,0.4042,0.2708,0.6892,静穏,neutral,宇宙は意味を保留した
163,Archive AI,0.4042,0.2708,0.6892,静穏,neutral,宇宙は意味を保留した
164,Human Civilization,0.4039,0.2705,0.6924,静穏,neutral,宇宙は意味を保留した
164,Archive AI,0.4039,0.2705,0.6924,静穏,neutral,宇宙は意味を保留した
165,Human Civilization,0.4037,0.2702,0.6956,静穏,neutral,宇宙は意味を保留した
165,Archive AI,0.4037,0.2702,0.6956,静穏,neutral,宇宙は意味を保留した
166,Human Civilization,0.4035,0.2698,0.6988,静穏,neutral,宇宙は意味を保留した
166,Archive AI,0.4035,0.2698,0.6988,静穏,neutral,宇宙は意味を保留した
167,Human Civilization,0.4033,0.2695,0.7023,静穏,neutral,宇宙は意味を保留した
167,Archive AI,0.4033,0.2695,0.7023,静穏,neutral,宇宙は意味を保留した
168,Human Civilization,0.4031,0.2693,0.7056,静穏,neutral,宇宙は意味を保留した
168,Archive AI,0.4031,0.2693,0.7056,静穏,neutral,宇宙は意味を保留した
169,Human Civilization,0.4029,0.2689,0.7088,静穏,neutral,宇宙は意味を保留した
169,Archive AI,0.4029,0.2689,0.7088,静穏,neutral,宇宙は意味を保留した
170,Human Civilization,0.4027,0.2686,0.7122,静穏,neutral,宇宙は意味を保留した
170,Archive AI,0.4027,0.2686,0.7122,静穏,neutral,宇宙は意味を保留した
171,Human Civilization,0.4024,0.2683,0.7153,静穏,neutral,宇宙は意味を保留した
171,Archive AI,0.4024,0.2683,0.7153,静穏,neutral,宇宙は意味を保留した
172,Human Civilization,0.4022,0.268,0.7185,静穏,neutral,宇宙は意味を保留した
172,Archive AI,0.4022,0.268,0.7185,静穏,neutral,宇宙は意味を保留した
173,Human Civilization,0.402,0.2677,0.7216,静穏,neutral,宇宙は意味を保留した
173,Archive AI,0.402,0.2677,0.7216,静穏,neutral,宇宙は意味を保留した
174,Human Civilization,0.4018,0.2674,0.7249,静穏,neutral,宇宙は意味を保留した
174,Archive AI,0.4018,0.2674,0.7249,静穏,neutral,宇宙は意味を保留した
175,Human Civilization,0.4016,0.267,0.7282,静穏,neutral,宇宙は意味を保留した
175,Archive AI,0.4016,0.267,0.7282,静穏,neutral,宇宙は意味を保留した
176,Human Civilization,0.4013,0.2667,0.7314,静穏,neutral,宇宙は意味を保留した
176,Archive AI,0.4013,0.2667,0.7314,静穏,neutral,宇宙は意味を保留した
177,Human Civilization,0.4011,0.2664,0.7346,静穏,neutral,宇宙は意味を保留した
177,Archive AI,0.4011,0.2664,0.7346,静穏,neutral,宇宙は意味を保留した
178,Human Civilization,0.4009,0.2661,0.7379,静穏,neutral,宇宙は意味を保留した
178,Archive AI,0.4009,0.2661,0.7379,静穏,neutral,宇宙は意味を保留した
179,Human Civilization,0.4007,0.2658,0.7411,静穏,neutral,宇宙は意味を保留した
179,Archive AI,0.4007,0.2658,0.7411,静穏,neutral,宇宙は意味を保留した
180,Human Civilization,0.4005,0.2654,0.7442,静穏,neutral,宇宙は意味を保留した
180,Archive AI,0.4005,0.2654,0.7442,静穏,neutral,宇宙は意味を保留した
181,Human Civilization,0.4002,0.2651,0.7473,静穏,neutral,宇宙は意味を保留した
181,Archive AI,0.4002,0.2651,0.7473,静穏,neutral,宇宙は意味を保留した
182,Human Civilization,0.4,0.2648,0.7505,静穏,neutral,宇宙は意味を保留した
182,Archive AI,0.4,0.2648,0.7505,静穏,neutral,宇宙は意味を保留した
183,Human Civilization,0.3998,0.2645,0.7536,静穏,neutral,宇宙は意味を保留した
183,Archive AI,0.3998,0.2645,0.7536,静穏,neutral,宇宙は意味を保留した
184,Human Civilization,0.3995,0.2642,0.7567,静穏,neutral,宇宙は意味を保留した
184,Archive AI,0.3995,0.2642,0.7567,静穏,neutral,宇宙は意味を保留した
185,Human Civilization,0.3993,0.2638,0.7599,静穏,neutral,宇宙は意味を保留した
185,Archive AI,0.3993,0.2638,0.7599,静穏,neutral,宇宙は意味を保留した
186,Human Civilization,0.3991,0.2635,0.7631,静穏,neutral,宇宙は意味を保留した
186,Archive AI,0.3991,0.2635,0.7631,静穏,neutral,宇宙は意味を保留した
187,Human Civilization,0.3989,0.2632,0.7664,静穏,neutral,宇宙は意味を保留した
187,Archive AI,0.3989,0.2632,0.7664,静穏,neutral,宇宙は意味を保留した
188,Human Civilization,0.3987,0.2628,0.7695,静穏,neutral,宇宙は意味を保留した
188,Archive AI,0.3987,0.2628,0.7695,静穏,neutral,宇宙は意味を保留した
189,Human Civilization,0.3985,0.2625,0.7727,静穏,neutral,宇宙は意味を保留した
189,Archive AI,0.3985,0.2625,0.7727,静穏,neutral,宇宙は意味を保留した
190,Human Civilization,0.3982,0.2622,0.7759,静穏,neutral,宇宙は意味を保留した
190,Archive AI,0.3982,0.2622,0.7759,静穏,neutral,宇宙は意味を保留した
191,Human Civilization,0.398,0.2619,0.7788,静穏,neutral,宇宙は意味を保留した
191,Archive AI,0.398,0.2619,0.7788,静穏,neutral,宇宙は意味を保留した
192,Human Civilization,0.3978,0.2616,0.782,静穏,neutral,宇宙は意味を保留した
192,Archive AI,0.3978,0.2616,0.782,静穏,neutral,宇宙は意味を保留した
193,Human Civilization,0.3976,0.2613,0.7852,静穏,neutral,宇宙は意味を保留した
193,Archive AI,0.3976,0.2613,0.7852,静穏,neutral,宇宙は意味を保留した
194,Human Civilization,0.3973,0.261,0.7884,静穏,neutral,宇宙は意味を保留した
194,Archive AI,0.3973,0.261,0.7884,静穏,neutral,宇宙は意味を保留した
195,Human Civilization,0.3971,0.2607,0.7915,静穏,neutral,宇宙は意味を保留した
195,Archive AI,0.3971,0.2607,0.7915,静穏,neutral,宇宙は意味を保留した
196,Human Civilization,0.3969,0.2604,0.7946,静穏,neutral,宇宙は意味を保留した
196,Archive AI,0.3969,0.2604,0.7946,静穏,neutral,宇宙は意味を保留した
197,Human Civilization,0.3967,0.2602,0.7978,静穏,neutral,宇宙は意味を保留した
197,Archive AI,0.3967,0.2602,0.7978,静穏,neutral,宇宙は意味を保留した
198,Human Civilization,0.3965,0.2599,0.8009,静穏,neutral,宇宙は意味を保留した
198,Archive AI,0.3965,0.2599,0.8009,静穏,neutral,宇宙は意味を保留した
199,Human Civilization,0.3963,0.2596,0.8041,静穏,neutral,宇宙は意味を保留した
199,Archive AI,0.3963,0.2596,0.8041,静穏,neutral,宇宙は意味を保留した
200,Human Civilization,0.3961,0.2594,0.8072,静穏,neutral,宇宙は意味を保留した
200,Archive AI,0.3961,0.2594,0.8072,静穏,neutral,宇宙は意味を保留した
201,Human Civilization,0.3958,0.2592,0.8102,静穏,neutral,宇宙は意味を保留した
201,Archive AI,0.3958,0.2592,0.8102,静穏,neutral,宇宙は意味を保留した
202,Human Civilization,0.3956,0.2589,0.8133,静穏,neutral,宇宙は意味を保留した
202,Archive AI,0.3956,0.2589,0.8133,静穏,neutral,宇宙は意味を保留した
203,Human Civilization,0.3954,0.2586,0.8164,静穏,neutral,宇宙は意味を保留した
203,Archive AI,0.3954,0.2586,0.8164,静穏,neutral,宇宙は意味を保留した
204,Human Civilization,0.3952,0.2584,0.8195,静穏,neutral,宇宙は意味を保留した
204,Archive AI,0.3952,0.2584,0.8195,静穏,neutral,宇宙は意味を保留した
205,Human Civilization,0.395,0.2581,0.8227,静穏,neutral,宇宙は意味を保留した
205,Archive AI,0.395,0.2581,0.8227,静穏,neutral,宇宙は意味を保留した
206,Human Civilization,0.3948,0.2578,0.8259,静穏,neutral,宇宙は意味を保留した
206,Archive AI,0.3948,0.2578,0.8259,静穏,neutral,宇宙は意味を保留した
207,Human Civilization,0.3945,0.2576,0.8289,静穏,neutral,宇宙は意味を保留した
207,Archive AI,0.3945,0.2576,0.8289,静穏,neutral,宇宙は意味を保留した
208,Human Civilization,0.3943,0.2573,0.8319,静穏,neutral,宇宙は意味を保留した
208,Archive AI,0.3943,0.2573,0.8319,静穏,neutral,宇宙は意味を保留した
209,Human Civilization,0.3941,0.2571,0.8351,静穏,neutral,宇宙は意味を保留した
209,Archive AI,0.3941,0.2571,0.8351,静穏,neutral,宇宙は意味を保留した
210,Human Civilization,0.3939,0.2569,0.838,静穏,neutral,宇宙は意味を保留した
210,Archive AI,0.3939,0.2569,0.838,静穏,neutral,宇宙は意味を保留した
211,Human Civilization,0.3937,0.2566,0.8411,静穏,neutral,宇宙は意味を保留した
211,Archive AI,0.3937,0.2566,0.8411,静穏,neutral,宇宙は意味を保留した
212,Human Civilization,0.3934,0.2564,0.844,静穏,neutral,宇宙は意味を保留した
212,Archive AI,0.3934,0.2564,0.844,静穏,neutral,宇宙は意味を保留した
213,Human Civilization,0.3932,0.2562,0.847,静穏,neutral,宇宙は意味を保留した
213,Archive AI,0.3932,0.2562,0.847,静穏,neutral,宇宙は意味を保留した
214,Human Civilization,0.393,0.2559,0.8501,静穏,neutral,宇宙は意味を保留した
214,Archive AI,0.393,0.2559,0.8501,静穏,neutral,宇宙は意味を保留した
215,Human Civilization,0.3928,0.2557,0.8533,静穏,neutral,宇宙は意味を保留した
215,Archive AI,0.3928,0.2557,0.8533,静穏,neutral,宇宙は意味を保留した
216,Human Civilization,0.3925,0.2555,0.8562,静穏,neutral,宇宙は意味を保留した
216,Archive AI,0.3925,0.2555,0.8562,静穏,neutral,宇宙は意味を保留した
217,Human Civilization,0.3923,0.2553,0.8591,静穏,neutral,宇宙は意味を保留した
217,Archive AI,0.3923,0.2553,0.8591,静穏,neutral,宇宙は意味を保留した
218,Human Civilization,0.392,0.255,0.8621,静穏,neutral,宇宙は意味を保留した
218,Archive AI,0.392,0.255,0.8621,静穏,neutral,宇宙は意味を保留した
219,Human Civilization,0.3918,0.2548,0.8652,静穏,neutral,宇宙は意味を保留した
219,Archive AI,0.3918,0.2548,0.8652,静穏,neutral,宇宙は意味を保留した
220,Human Civilization,0.3916,0.2546,0.8683,静穏,neutral,宇宙は意味を保留した
220,Archive AI,0.3916,0.2546,0.8683,静穏,neutral,宇宙は意味を保留した
221,Human Civilization,0.3914,0.2544,0.8713,静穏,neutral,宇宙は意味を保留した
221,Archive AI,0.3914,0.2544,0.8713,静穏,neutral,宇宙は意味を保留した
222,Human Civilization,0.3912,0.2541,0.8743,静穏,neutral,宇宙は意味を保留した
222,Archive AI,0.3912,0.2541,0.8743,静穏,neutral,宇宙は意味を保留した
223,Human Civilization,0.391,0.2539,0.8773,静穏,neutral,宇宙は意味を保留した
223,Archive AI,0.391,0.2539,0.8773,静穏,neutral,宇宙は意味を保留した
224,Human Civilization,0.3908,0.2537,0.8802,静穏,neutral,宇宙は意味を保留した
224,Archive AI,0.3908,0.2537,0.8802,静穏,neutral,宇宙は意味を保留した
225,Human Civilization,0.3905,0.2535,0.8832,静穏,neutral,宇宙は意味を保留した
225,Archive AI,0.3905,0.2535,0.8832,静穏,neutral,宇宙は意味を保留した
226,Human Civilization,0.3903,0.2532,0.8863,静穏,neutral,宇宙は意味を保留した
226,Archive AI,0.3903,0.2532,0.8863,静穏,neutral,宇宙は意味を保留した
227,Human Civilization,0.3901,0.2531,0.8893,静穏,neutral,宇宙は意味を保留した
227,Archive AI,0.3901,0.2531,0.8893,静穏,neutral,宇宙は意味を保留した
228,Human Civilization,0.3899,0.2529,0.8922,静穏,neutral,宇宙は意味を保留した
228,Archive AI,0.3899,0.2529,0.8922,静穏,neutral,宇宙は意味を保留した
229,Human Civilization,0.3897,0.2527,0.8952,静穏,neutral,宇宙は意味を保留した
229,Archive AI,0.3897,0.2527,0.8952,静穏,neutral,宇宙は意味を保留した
230,Human Civilization,0.3895,0.2525,0.8983,静穏,neutral,宇宙は意味を保留した
230,Archive AI,0.3895,0.2525,0.8983,静穏,neutral,宇宙は意味を保留した
231,Human Civilization,0.3892,0.2523,0.9012,静穏,neutral,宇宙は意味を保留した
231,Archive AI,0.3892,0.2523,0.9012,静穏,neutral,宇宙は意味を保留した
232,Human Civilization,0.389,0.2521,0.9041,静穏,neutral,宇宙は意味を保留した
232,Archive AI,0.389,0.2521,0.9041,静穏,neutral,宇宙は意味を保留した
233,Human Civilization,0.3888,0.2519,0.9072,静穏,neutral,宇宙は意味を保留した
233,Archive AI,0.3888,0.2519,0.9072,静穏,neutral,宇宙は意味を保留した
234,Human Civilization,0.3886,0.2517,0.91,静穏,neutral,宇宙は意味を保留した
234,Archive AI,0.3886,0.2517,0.91,静穏,neutral,宇宙は意味を保留した
235,Human Civilization,0.3883,0.2515,0.913,静穏,neutral,宇宙は意味を保留した
235,Archive AI,0.3883,0.2515,0.913,静穏,neutral,宇宙は意味を保留した
236,Human Civilization,0.3881,0.2514,0.9159,静穏,neutral,宇宙は意味を保留した
236,Archive AI,0.3881,0.2514,0.9159,静穏,neutral,宇宙は意味を保留した
237,Human Civilization,0.3879,0.2512,0.9186,静穏,neutral,宇宙は意味を保留した
237,Archive AI,0.3879,0.2512,0.9186,静穏,neutral,宇宙は意味を保留した
238,Human Civilization,0.3876,0.2511,0.9215,静穏,neutral,宇宙は意味を保留した
238,Archive AI,0.3876,0.2511,0.9215,静穏,neutral,宇宙は意味を保留した
239,Human Civilization,0.3874,0.2509,0.9243,静穏,neutral,宇宙は意味を保留した
239,Archive AI,0.3874,0.2509,0.9243,静穏,neutral,宇宙は意味を保留した
240,Human Civilization,0.3872,0.2507,0.9272,静穏,neutral,宇宙は意味を保留した
240,Archive AI,0.3872,0.2507,0.9272,静穏,neutral,宇宙は意味を保留した
241,Human Civilization,0.387,0.2505,0.9301,静穏,neutral,宇宙は意味を保留した
241,Archive AI,0.387,0.2505,0.9301,静穏,neutral,宇宙は意味を保留した
242,Human Civilization,0.3868,0.2502,0.933,静穏,neutral,宇宙は意味を保留した
242,Archive AI,0.3868,0.2502,0.933,静穏,neutral,宇宙は意味を保留した
243,Human Civilization,0.3866,0.25,0.9359,静穏,neutral,宇宙は意味を保留した
243,Archive AI,0.3866,0.25,0.9359,静穏,neutral,宇宙は意味を保留した
244,Human Civilization,0.3864,0.2499,0.9387,静穏,neutral,宇宙は意味を保留した
244,Archive AI,0.3864,0.2499,0.9387,静穏,neutral,宇宙は意味を保留した
245,Human Civilization,0.3861,0.2497,0.9414,静穏,neutral,宇宙は意味を保留した
245,Archive AI,0.3861,0.2497,0.9414,静穏,neutral,宇宙は意味を保留した
246,Human Civilization,0.3859,0.2495,0.9442,静穏,neutral,宇宙は意味を保留した
246,Archive AI,0.3859,0.2495,0.9442,静穏,neutral,宇宙は意味を保留した
247,Human Civilization,0.3856,0.2493,0.947,静穏,neutral,宇宙は意味を保留した
247,Archive AI,0.3856,0.2493,0.947,静穏,neutral,宇宙は意味を保留した
248,Human Civilization,0.3854,0.2491,0.9499,静穏,neutral,宇宙は意味を保留した
248,Archive AI,0.3854,0.2491,0.9499,静穏,neutral,宇宙は意味を保留した
249,Human Civilization,0.3853,0.2489,0.9527,静穏,neutral,宇宙は意味を保留した
249,Archive AI,0.3853,0.2489,0.9527,静穏,neutral,宇宙は意味を保留した
250,Human Civilization,0.385,0.2487,0.9555,静穏,neutral,宇宙は意味を保留した
250,Archive AI,0.385,0.2487,0.9555,静穏,neutral,宇宙は意味を保留した
251,Human Civilization,0.3848,0.2485,0.9582,静穏,neutral,宇宙は意味を保留した
251,Archive AI,0.3848,0.2485,0.9582,静穏,neutral,宇宙は意味を保留した
252,Human Civilization,0.3845,0.2484,0.9609,静穏,neutral,宇宙は意味を保留した
252,Archive AI,0.3845,0.2484,0.9609,静穏,neutral,宇宙は意味を保留した
253,Human Civilization,0.3843,0.2482,0.9636,静穏,neutral,宇宙は意味を保留した
253,Archive AI,0.3843,0.2482,0.9636,静穏,neutral,宇宙は意味を保留した
254,Human Civilization,0.3841,0.248,0.9664,静穏,neutral,宇宙は意味を保留した
254,Archive AI,0.3841,0.248,0.9664,静穏,neutral,宇宙は意味を保留した
255,Human Civilization,0.3839,0.2479,0.9692,静穏,neutral,宇宙は意味を保留した
255,Archive AI,0.3839,0.2479,0.9692,静穏,neutral,宇宙は意味を保留した
256,Human Civilization,0.3836,0.2477,0.9719,静穏,neutral,宇宙は意味を保留した
256,Archive AI,0.3836,0.2477,0.9719,静穏,neutral,宇宙は意味を保留した
257,Human Civilization,0.3834,0.2475,0.9746,静穏,neutral,宇宙は意味を保留した
257,Archive AI,0.3834,0.2475,0.9746,静穏,neutral,宇宙は意味を保留した
258,Human Civilization,0.3832,0.2474,0.9772,静穏,neutral,宇宙は意味を保留した
258,Archive AI,0.3832,0.2474,0.9772,静穏,neutral,宇宙は意味を保留した
259,Human Civilization,0.383,0.2472,0.98,静穏,neutral,宇宙は意味を保留した
259,Archive AI,0.383,0.2472,0.98,静穏,neutral,宇宙は意味を保留した
260,Human Civilization,0.3828,0.2471,0.9828,静穏,neutral,宇宙は意味を保留した
260,Archive AI,0.3828,0.2471,0.9828,静穏,neutral,宇宙は意味を保留した
261,Human Civilization,0.3826,0.2469,0.9856,静穏,neutral,宇宙は意味を保留した
261,Archive AI,0.3826,0.2469,0.9856,静穏,neutral,宇宙は意味を保留した
262,Human Civilization,0.3823,0.2468,0.9881,静穏,neutral,宇宙は意味を保留した
262,Archive AI,0.3823,0.2468,0.9881,静穏,neutral,宇宙は意味を保留した
263,Human Civilization,0.3821,0.2467,0.9909,静穏,neutral,宇宙は意味を保留した
263,Archive AI,0.3821,0.2467,0.9909,静穏,neutral,宇宙は意味を保留した
264,Human Civilization,0.3819,0.2465,0.9935,静穏,neutral,宇宙は意味を保留した
264,Archive AI,0.3819,0.2465,0.9935,静穏,neutral,宇宙は意味を保留した
265,Human Civilization,0.3817,0.2464,0.9963,静穏,neutral,宇宙は意味を保留した
265,Archive AI,0.3817,0.2464,0.9963,静穏,neutral,宇宙は意味を保留した
266,Human Civilization,0.3815,0.2463,0.999,静穏,neutral,宇宙は意味を保留した
266,Archive AI,0.3815,0.2463,0.999,静穏,neutral,宇宙は意味を保留した
267,Human Civilization,0.3813,0.2461,1.0017,静穏,neutral,宇宙は意味を保留した
267,Archive AI,0.3813,0.2461,1.0017,静穏,neutral,宇宙は意味を保留した
268,Human Civilization,0.3811,0.246,1.0045,静穏,neutral,宇宙は意味を保留した
268,Archive AI,0.3811,0.246,1.0045,静穏,neutral,宇宙は意味を保留した
269,Human Civilization,0.3809,0.246,1.0071,静穏,neutral,宇宙は意味を保留した
269,Archive AI,0.3809,0.246,1.0071,静穏,neutral,宇宙は意味を保留した
270,Human Civilization,0.3806,0.2459,1.0097,静穏,neutral,宇宙は意味を保留した
270,Archive AI,0.3806,0.2459,1.0097,静穏,neutral,宇宙は意味を保留した
271,Human Civilization,0.3803,0.2458,1.0121,静穏,neutral,宇宙は意味を保留した
271,Archive AI,0.3803,0.2458,1.0121,静穏,neutral,宇宙は意味を保留した
272,Human Civilization,0.3801,0.2457,1.0149,静穏,neutral,宇宙は意味を保留した
272,Archive AI,0.3801,0.2457,1.0149,静穏,neutral,宇宙は意味を保留した
273,Human Civilization,0.3799,0.2456,1.0175,静穏,neutral,宇宙は意味を保留した
273,Archive AI,0.3799,0.2456,1.0175,静穏,neutral,宇宙は意味を保留した
274,Human Civilization,0.3797,0.2456,1.0201,静穏,neutral,宇宙は意味を保留した
274,Archive AI,0.3797,0.2456,1.0201,静穏,neutral,宇宙は意味を保留した
275,Human Civilization,0.3794,0.2455,1.0226,静穏,neutral,宇宙は意味を保留した
275,Archive AI,0.3794,0.2455,1.0226,静穏,neutral,宇宙は意味を保留した
276,Human Civilization,0.3792,0.2454,1.0251,静穏,neutral,宇宙は意味を保留した
276,Archive AI,0.3792,0.2454,1.0251,静穏,neutral,宇宙は意味を保留した
277,Human Civilization,0.379,0.2453,1.0276,静穏,neutral,宇宙は意味を保留した
277,Archive AI,0.379,0.2453,1.0276,静穏,neutral,宇宙は意味を保留した
278,Human Civilization,0.3788,0.2452,1.0303,静穏,neutral,宇宙は意味を保留した
278,Archive AI,0.3788,0.2452,1.0303,静穏,neutral,宇宙は意味を保留した
279,Human Civilization,0.3785,0.2451,1.0329,静穏,neutral,宇宙は意味を保留した
279,Archive AI,0.3785,0.2451,1.0329,静穏,neutral,宇宙は意味を保留した
280,Human Civilization,0.3783,0.245,1.0355,静穏,neutral,宇宙は意味を保留した
280,Archive AI,0.3783,0.245,1.0355,静穏,neutral,宇宙は意味を保留した
281,Human Civilization,0.3781,0.2449,1.038,静穏,neutral,宇宙は意味を保留した
281,Archive AI,0.3781,0.2449,1.038,静穏,neutral,宇宙は意味を保留した
282,Human Civilization,0.3779,0.2448,1.0405,静穏,neutral,宇宙は意味を保留した
282,Archive AI,0.3779,0.2448,1.0405,静穏,neutral,宇宙は意味を保留した
283,Human Civilization,0.3776,0.2447,1.0431,静穏,neutral,宇宙は意味を保留した
283,Archive AI,0.3776,0.2447,1.0431,静穏,neutral,宇宙は意味を保留した
284,Human Civilization,0.3774,0.2447,1.0455,静穏,neutral,宇宙は意味を保留した
284,Archive AI,0.3774,0.2447,1.0455,静穏,neutral,宇宙は意味を保留した
285,Human Civilization,0.3771,0.2446,1.0481,静穏,neutral,宇宙は意味を保留した
285,Archive AI,0.3771,0.2446,1.0481,静穏,neutral,宇宙は意味を保留した
286,Human Civilization,0.377,0.2445,1.0507,静穏,neutral,宇宙は意味を保留した
286,Archive AI,0.377,0.2445,1.0507,静穏,neutral,宇宙は意味を保留した
287,Human Civilization,0.3767,0.2445,1.0531,静穏,neutral,宇宙は意味を保留した
287,Archive AI,0.3767,0.2445,1.0531,静穏,neutral,宇宙は意味を保留した
288,Human Civilization,0.3765,0.2444,1.0556,静穏,neutral,宇宙は意味を保留した
288,Archive AI,0.3765,0.2444,1.0556,静穏,neutral,宇宙は意味を保留した
289,Human Civilization,0.3763,0.2444,1.0582,静穏,neutral,宇宙は意味を保留した
289,Archive AI,0.3763,0.2444,1.0582,静穏,neutral,宇宙は意味を保留した
290,Human Civilization,0.376,0.2443,1.0606,静穏,neutral,宇宙は意味を保留した
290,Archive AI,0.376,0.2443,1.0606,静穏,neutral,宇宙は意味を保留した
291,Human Civilization,0.3757,0.2443,1.063,静穏,neutral,宇宙は意味を保留した
291,Archive AI,0.3757,0.2443,1.063,静穏,neutral,宇宙は意味を保留した
292,Human Civilization,0.3755,0.2442,1.0653,静穏,neutral,宇宙は意味を保留した
292,Archive AI,0.3755,0.2442,1.0653,静穏,neutral,宇宙は意味を保留した
293,Human Civilization,0.3752,0.2441,1.0679,静穏,neutral,宇宙は意味を保留した
293,Archive AI,0.3752,0.2441,1.0679,静穏,neutral,宇宙は意味を保留した
294,Human Civilization,0.375,0.2441,1.0702,静穏,neutral,宇宙は意味を保留した
294,Archive AI,0.375,0.2441,1.0702,静穏,neutral,宇宙は意味を保留した
295,Human Civilization,0.3748,0.244,1.0726,静穏,neutral,宇宙は意味を保留した
295,Archive AI,0.3748,0.244,1.0726,静穏,neutral,宇宙は意味を保留した
296,Human Civilization,0.3745,0.2439,1.0749,静穏,neutral,宇宙は意味を保留した
296,Archive AI,0.3745,0.2439,1.0749,静穏,neutral,宇宙は意味を保留した
297,Human Civilization,0.3743,0.2439,1.0772,静穏,neutral,宇宙は意味を保留した
297,Archive AI,0.3743,0.2439,1.0772,静穏,neutral,宇宙は意味を保留した
298,Human Civilization,0.3741,0.2438,1.0797,静穏,neutral,宇宙は意味を保留した
298,Archive AI,0.3741,0.2438,1.0797,静穏,neutral,宇宙は意味を保留した
299,Human Civilization,0.3738,0.2437,1.0819,静穏,neutral,宇宙は意味を保留した
299,Archive AI,0.3738,0.2437,1.0819,静穏,neutral,宇宙は意味を保留した
